Link,Name,Price,Image,Availability
https://www.tecnoagricolamodena.it/cucce-interno-e-cuscini/5871-gimborn-copertina-four-seasons-lavander-fields-60x90-cm.html,Gimborn - Copertina Four Seasons - Lavander Fields - 60x90 cm.,"16,00 €",https://www.tecnoagricolamodena.it/1939-home_default/gimborn-copertina-four-seasons-lavander-fields-60x90-cm.jpg,Available
https://www.tecnoagricolamodena.it/cucce-interno-e-cuscini/5870-gimborn-copertina-four-seasons-lavander-fields-60x40-cm.html,Gimborn - Copertina Four Seasons - Lavander Fields - 60x40 cm.,"7,70 €",https://www.tecnoagricolamodena.it/1938-home_default/gimborn-copertina-four-seasons-lavander-fields-60x40-cm.jpg,Available
https://www.tecnoagricolamodena.it/cucce-interno-e-cuscini/5869-gimborn-copertina-four-seasons-cappuccino-60x90-cm.html,Gimborn - Copertina Four Seasons - Cappuccino - 60x90 cm.,"16,00 €",https://www.tecnoagricolamodena.it/1943-home_default/gimborn-copertina-four-seasons-cappuccino-60x90-cm.jpg,Available
https://www.tecnoagricolamodena.it/cucce-interno-e-cuscini/5868-gimborn-copertina-four-seasons-cappuccino-60x40-cm.html,Gimborn - Copertina Four Seasons - Cappuccino - 60x40 cm.,"7,70 €",https://www.tecnoagricolamodena.it/1942-home_default/gimborn-copertina-four-seasons-cappuccino-60x40-cm.jpg,Available
https://www.tecnoagricolamodena.it/cucce-interno-e-cuscini/5867-gimborn-copertina-four-seasons-blue-sky-60x90-cm.html,Gimborn - Copertina Four Seasons - Blue Sky - 60x90 cm.,"16,00 €",https://www.tecnoagricolamodena.it/1941-home_default/gimborn-copertina-four-seasons-blue-sky-60x90-cm.jpg,Available
https://www.tecnoagricolamodena.it/cucce-interno-e-cuscini/5866-gimborn-copertina-four-seasons-blue-sky-60x40-cm.html,Gimborn - Copertina Four Seasons - Blue Sky - 60x40 cm.,"7,70 €",https://www.tecnoagricolamodena.it/1940-home_default/gimborn-copertina-four-seasons-blue-sky-60x40-cm.jpg,Available
https://www.tecnoagricolamodena.it/cucce-interno-e-cuscini/5147-trixie-cuccia-reversibile-47x38-cm-28631.html,Trixie - Cuccia reversibile - 47x38 cm. - 28631,"8,60 €",https://www.tecnoagricolamodena.it/5256-home_default/trixie-cuccia-reversibile-47x38-cm-28631.jpg,Available
https://www.tecnoagricolamodena.it/cucce-e-cuscini/5188-trixie-materassino-nani-40x30-cm-37126.html,Trixie - Materassino Nani - 40x30 cm. - 37126,"6,80 €",https://www.tecnoagricolamodena.it/5331-home_default/trixie-materassino-nani-40x30-cm-37126.jpg,Available
https://www.tecnoagricolamodena.it/cucce-e-cuscini/5187-trixie-materassino-tilly-50x40-cm-37127.html,Trixie - Materassino Tilly - 50x40 cm. - 37127,"9,60 €",https://www.tecnoagricolamodena.it/5332-home_default/trixie-materassino-tilly-50x40-cm-37127.jpg,Available
https://www.tecnoagricolamodena.it/cucce-interno-e-cuscini/5184-trixie-coperta-kenny-grigio-75x50-cm-37095.html,Trixie - Coperta Kenny grigio - 75x50 cm. - 37095,"6,40 €",https://www.tecnoagricolamodena.it/5319-home_default/trixie-coperta-kenny-grigio-75x50-cm-37095.jpg,Available
https://www.tecnoagricolamodena.it/cucce-interno-e-cuscini/5181-trixie-coperta-kenny-blu-chiaro-75x50-cm-37090.html,Trixie - Coperta Kenny blu chiaro - 75x50 cm. - 37090,"6,40 €",https://www.tecnoagricolamodena.it/5316-home_default/trixie-coperta-kenny-blu-chiaro-75x50-cm-37090.jpg,Available
https://www.tecnoagricolamodena.it/cucce-interno-e-cuscini/5179-trixie-coperta-kenny-beige-100x75-cm-37166.html,Trixie - Coperta Kenny beige - 100x75 cm. - 37166,"10,00 €",https://www.tecnoagricolamodena.it/5267-home_default/trixie-coperta-kenny-beige-100x75-cm-37166.jpg,Available
https://www.tecnoagricolamodena.it/cucce-interno-e-cuscini/5178-trixie-coperta-kenny-beige-75x50-cm-37162.html,Trixie - Coperta Kenny beige - 75x50 cm. - 37162,"6,40 €",https://www.tecnoagricolamodena.it/5335-home_default/trixie-coperta-kenny-beige-75x50-cm-37162.jpg,Available
https://www.tecnoagricolamodena.it/cucce-interno-e-cuscini/5175-trixie-coperta-nando-75x50-cm-37847.html,Trixie - Coperta Nando - 75x50 cm. - 37847,"6,40 €",https://www.tecnoagricolamodena.it/5283-home_default/trixie-coperta-nando-75x50-cm-37847.jpg,Available
https://www.tecnoagricolamodena.it/cucce-interno-e-cuscini/5146-trixie-cuccia-mijou-48x37-cm-28632.html,Trixie - Cuccia Mijou - 48x37 cm. - 28632,"14,00 €",https://www.tecnoagricolamodena.it/5297-home_default/trixie-cuccia-mijou-48x37-cm-28632.jpg,Available
https://www.tecnoagricolamodena.it/cucce-interno-e-cuscini/4878-camon-cuscino-rettangolare-linea-scottish-50x75-cm-cc0107-50.html,Camon - Cuscino rettangolare linea Scottish - 50x75 cm. - CC0107 - 50,"11,00 €",https://www.tecnoagricolamodena.it/7821-home_default/camon-cuscino-rettangolare-linea-scottish-50x75-cm-cc0107-50.jpg,Available
https://www.tecnoagricolamodena.it/cucce-interno-e-cuscini/4858-camon-cuccia-per-termosifone-linea-goodsleep-46x32x26-cm-cg002.html,Camon - Cuccia per termosifone - linea Goodsleep -  46x32x26 cm. - CG002,"27,00 €",https://www.tecnoagricolamodena.it/643-home_default/camon-cuccia-per-termosifone-linea-goodsleep-46x32x26-cm-cg002.jpg,Available
https://www.tecnoagricolamodena.it/cucce-interno-e-cuscini/11273-camon-cuscino-rettangolare-linea-ossicini-40x60-cm-cc0108-40.html,Camon - Tappetino Ultra Soft 60 x 40 cm. bianco - B107/C,"20,00 €",https://www.tecnoagricolamodena.it/15430-home_default/camon-cuscino-rettangolare-linea-ossicini-40x60-cm-cc0108-40.jpg,Available
https://www.tecnoagricolamodena.it/cucce-interno-e-cuscini/11272-camon-cuscino-rettangolare-linea-ossicini-40x60-cm-cc0108-40.html,Camon - Tappetino Ultra Soft 60 x 40 cm. grigio - B107/B,"20,00 €",https://www.tecnoagricolamodena.it/15426-home_default/camon-cuscino-rettangolare-linea-ossicini-40x60-cm-cc0108-40.jpg,Available
https://www.tecnoagricolamodena.it/cucce-interno-e-cuscini/11271-camon-cuscino-rettangolare-linea-ossicini-40x60-cm-cc0108-40.html,Camon - Tappetino Ultra Soft 60 x 40 cm. rosa - B107/A,"20,00 €",https://www.tecnoagricolamodena.it/15423-home_default/camon-cuscino-rettangolare-linea-ossicini-40x60-cm-cc0108-40.jpg,Available
https://www.tecnoagricolamodena.it/cucce-interno-e-cuscini/11270-camon-cuscino-rettangolare-linea-ossicini-40x60-cm-cc0108-40.html,Camon - Tappetino Ultra Soft 60 x 90 cm. rosa - B108/A,"24,00 €",https://www.tecnoagricolamodena.it/15419-home_default/camon-cuscino-rettangolare-linea-ossicini-40x60-cm-cc0108-40.jpg,Available
https://www.tecnoagricolamodena.it/cucce-interno-e-cuscini/11269-camon-cuscino-rettangolare-linea-ossicini-40x60-cm-cc0108-40.html,Camon - Tappetino Ultra Soft 60 x 90 cm. grigio - B108/B,"24,00 €",https://www.tecnoagricolamodena.it/15415-home_default/camon-cuscino-rettangolare-linea-ossicini-40x60-cm-cc0108-40.jpg,Available
https://www.tecnoagricolamodena.it/cucce-interno-e-cuscini/10287-gimborn-copertina-four-seasons-blue-sky-60x40-cm.html,Ferribiella - Copertina Rombi 140x100 cm. - T1062/M-AZ,"17,40 €",https://www.tecnoagricolamodena.it/12713-home_default/gimborn-copertina-four-seasons-blue-sky-60x40-cm.jpg,Available
https://www.tecnoagricolamodena.it/cucce-interno-e-cuscini/10286-gimborn-copertina-four-seasons-blue-sky-60x40-cm.html,Ferribiella - Copertina Rombi 100x70 cm. - T1062/S-AZ,"10,20 €",https://www.tecnoagricolamodena.it/12712-home_default/gimborn-copertina-four-seasons-blue-sky-60x40-cm.jpg,Available
https://www.tecnoagricolamodena.it/cucce-interno-e-cuscini/10148-ferribiella-cuccetta-pic-nic-medium-57x50x13-cm-t1002-57.html,Ferribiella - Cuccetta Nuvoletta - medium diam. 60 cm. antracite - T1077/M-AN,"46,00 €",https://www.tecnoagricolamodena.it/12415-home_default/ferribiella-cuccetta-pic-nic-medium-57x50x13-cm-t1002-57.jpg,Available
https://www.tecnoagricolamodena.it/cucce-interno-e-cuscini/10147-ferribiella-cuccetta-pic-nic-medium-57x50x13-cm-t1002-57.html,Ferribiella - Cuccetta Glow - medium diam. 67 x 19 cm. azzurra - T1145/M-B,"57,20 €",https://www.tecnoagricolamodena.it/12397-home_default/ferribiella-cuccetta-pic-nic-medium-57x50x13-cm-t1002-57.jpg,Available
https://www.tecnoagricolamodena.it/cucce-interno-e-cuscini/10145-gimborn-copertina-four-seasons-blue-sky-60x40-cm.html,Ferribiella - Copertina Macarons morbida 100x70 cm. rosa T961-RA,"11,90 €",https://www.tecnoagricolamodena.it/12394-home_default/gimborn-copertina-four-seasons-blue-sky-60x40-cm.jpg,Available
https://www.tecnoagricolamodena.it/cucce-interno-e-cuscini/10144-gimborn-copertina-four-seasons-blue-sky-60x40-cm.html,Ferribiella - Copertina Macarons morbida 100x70 cm. beige T961-BE,"11,90 €",https://www.tecnoagricolamodena.it/12393-home_default/gimborn-copertina-four-seasons-blue-sky-60x40-cm.jpg,Available
https://www.tecnoagricolamodena.it/cucce-interno-e-cuscini/10143-gimborn-copertina-four-seasons-blue-sky-60x40-cm.html,Ferribiella - Copertina Macarons morbida 100x70 cm. azzurra T961-AZ,"11,90 €",https://www.tecnoagricolamodena.it/12392-home_default/gimborn-copertina-four-seasons-blue-sky-60x40-cm.jpg,Available
https://www.tecnoagricolamodena.it/cucce-interno-e-cuscini/10142-gimborn-copertina-four-seasons-blue-sky-60x40-cm.html,Ferribiella - Copertina Macarons morbida 70x60 cm. rosa T960-RA,"10,00 €",https://www.tecnoagricolamodena.it/12391-home_default/gimborn-copertina-four-seasons-blue-sky-60x40-cm.jpg,Available
https://www.tecnoagricolamodena.it/cucce-interno-e-cuscini/10141-gimborn-copertina-four-seasons-blue-sky-60x40-cm.html,Ferribiella - Copertina Macarons morbida 70x60 cm. beige T960-BE,"10,00 €",https://www.tecnoagricolamodena.it/12390-home_default/gimborn-copertina-four-seasons-blue-sky-60x40-cm.jpg,Available
https://www.tecnoagricolamodena.it/cucce-interno-e-cuscini/10140-gimborn-copertina-four-seasons-blue-sky-60x40-cm.html,Ferribiella - Copertina Macarons morbida 70x60 cm. azzurra T960-AZ,"10,00 €",https://www.tecnoagricolamodena.it/12389-home_default/gimborn-copertina-four-seasons-blue-sky-60x40-cm.jpg,Available
https://www.tecnoagricolamodena.it/cucce-interno-e-cuscini/5577-ferribiella-materassino-scozzese-100x60-cm-t454.html,Ferribiella - Materassino scozzese - 100X60 cm. - T454,"40,80 €",https://www.tecnoagricolamodena.it/1541-home_default/ferribiella-materassino-scozzese-100x60-cm-t454.jpg,Available
https://www.tecnoagricolamodena.it/cucce-interno-e-cuscini/5576-ferribiella-materassino-scozzese-90x55-cm-t453.html,Ferribiella - Materassino scozzese - 90X55 cm. - T453,"35,70 €",https://www.tecnoagricolamodena.it/1540-home_default/ferribiella-materassino-scozzese-90x55-cm-t453.jpg,Available
https://www.tecnoagricolamodena.it/cucce-interno-e-cuscini/5575-ferribiella-materassino-scozzese-80x50-cm-t452.html,Ferribiella - Materassino scozzese - 80X50 cm. - T452,"29,20 €",https://www.tecnoagricolamodena.it/1539-home_default/ferribiella-materassino-scozzese-80x50-cm-t452.jpg,Available
https://www.tecnoagricolamodena.it/cucce-interno-e-cuscini/5574-ferribiella-materassino-scozzese-70x45-cm-t451.html,Ferribiella - Materassino scozzese - 70X45 cm. - T451,"25,10 €",https://www.tecnoagricolamodena.it/1538-home_default/ferribiella-materassino-scozzese-70x45-cm-t451.jpg,Available
https://www.tecnoagricolamodena.it/cucce-interno-e-cuscini/5573-ferribiella-materassino-scozzese-60x40-cm-t450.html,Ferribiella - Materassino scozzese - 60X40 cm. - T450,"21,90 €",https://www.tecnoagricolamodena.it/1537-home_default/ferribiella-materassino-scozzese-60x40-cm-t450.jpg,Available
https://www.tecnoagricolamodena.it/cucce-interno-e-cuscini/5571-ferribiella-elastico-ricambio-per-brandina-2-pz-115x75-cm-t500.html,Ferribiella - Elastici ricambio per brandina - 115x75 cm. - T500,"14,80 €",https://www.tecnoagricolamodena.it/1545-home_default/ferribiella-elastico-ricambio-per-brandina-2-pz-115x75-cm-t500.jpg,Available
https://www.tecnoagricolamodena.it/cucce-interno-e-cuscini/5570-ferribiella-elastico-ricambio-per-brandina-2-pz-100x60-cm-t499.html,Ferribiella - Elastici ricambio per brandina - 100x60 cm. - T499,"13,40 €",https://www.tecnoagricolamodena.it/1544-home_default/ferribiella-elastico-ricambio-per-brandina-2-pz-100x60-cm-t499.jpg,Available
https://www.tecnoagricolamodena.it/cucce-interno-e-cuscini/5569-ferribiella-elastico-ricambio-per-brandina-2-pz-90x55-cm-t498.html,Ferribiella - Elastici ricambio per brandina - 90x55 cm. - T498,"11,80 €",https://www.tecnoagricolamodena.it/1543-home_default/ferribiella-elastico-ricambio-per-brandina-2-pz-90x55-cm-t498.jpg,Available
https://www.tecnoagricolamodena.it/cucce-interno-e-cuscini/5567-ferribiella-elastico-ricambio-per-brandina-2-pz-70x45-cm-t496.html,Ferribiella - Elastici ricambio per brandina - 70x45 cm. - T496,"7,10 €",https://www.tecnoagricolamodena.it/1534-home_default/ferribiella-elastico-ricambio-per-brandina-2-pz-70x45-cm-t496.jpg,Available
https://www.tecnoagricolamodena.it/cucce-interno-e-cuscini/5566-ferribiella-elastico-ricambio-per-brandina-2-pz-60x40-cm-t495.html,Ferribiella - Elastici ricambio per brandina - 60x40 cm. - T495,"5,00 €",https://www.tecnoagricolamodena.it/1533-home_default/ferribiella-elastico-ricambio-per-brandina-2-pz-60x40-cm-t495.jpg,Available
https://www.tecnoagricolamodena.it/cucce-interno-e-cuscini/5565-ferribiella-elastico-ricambio-per-brandina-2-pz-50x35-cm-t494.html,Ferribiella - Elastici ricambio per brandina - 50x35 cm. - T494,"5,00 €",https://www.tecnoagricolamodena.it/1532-home_default/ferribiella-elastico-ricambio-per-brandina-2-pz-50x35-cm-t494.jpg,Available
https://www.tecnoagricolamodena.it/cucce-interno-e-cuscini/5563-ferribiella-telo-ricambio-per-brandina100x60-cm-t566-scr.html,Ferribiella - Telo ricambio per brandina100x60 cm. - T566-SCR,"25,00 €",https://www.tecnoagricolamodena.it/1588-home_default/ferribiella-telo-ricambio-per-brandina100x60-cm-t566-scr.jpg,Available
https://www.tecnoagricolamodena.it/cucce-interno-e-cuscini/5562-ferribiella-telo-ricambio-per-brandina-90x55-cm-t565-scr.html,Ferribiella - Telo ricambio per brandina 90x55 cm. - T565-SCR,"23,20 €",https://www.tecnoagricolamodena.it/1587-home_default/ferribiella-telo-ricambio-per-brandina-90x55-cm-t565-scr.jpg,Available
https://www.tecnoagricolamodena.it/cucce-interno-e-cuscini/5561-ferribiella-telo-ricambio-per-brandina-80x50-cm-t564-scr.html,Ferribiella - Telo ricambio per brandina 80x50 cm. - T564-SCR,"19,60 €",https://www.tecnoagricolamodena.it/1586-home_default/ferribiella-telo-ricambio-per-brandina-80x50-cm-t564-scr.jpg,Available
https://www.tecnoagricolamodena.it/cucce-interno-e-cuscini/5560-ferribiella-telo-ricambio-per-brandina-70x45-cm-t563-scr.html,Ferribiella - Telo ricambio per brandina 70x45 cm. - T563-SCR,"17,10 €",https://www.tecnoagricolamodena.it/1585-home_default/ferribiella-telo-ricambio-per-brandina-70x45-cm-t563-scr.jpg,Available
https://www.tecnoagricolamodena.it/cucce-interno-e-cuscini/5559-ferribiella-telo-ricambio-per-brandina-60x40-cm-t562-scr.html,Ferribiella - Telo ricambio per brandina 60x40 cm. - T562-SCR,"14,70 €",https://www.tecnoagricolamodena.it/1584-home_default/ferribiella-telo-ricambio-per-brandina-60x40-cm-t562-scr.jpg,Available
https://www.tecnoagricolamodena.it/cucce-interno-e-cuscini/5558-ferribiella-telo-ricambio-per-brandina-50x35-cm-t561-scr.html,Ferribiella - Telo ricambio per brandina 50x35 cm. - T561-SCR,"12,30 €",https://www.tecnoagricolamodena.it/1583-home_default/ferribiella-telo-ricambio-per-brandina-50x35-cm-t561-scr.jpg,Available
https://www.tecnoagricolamodena.it/cucce-interno-e-cuscini/5556-ferribiella-brandina-super-100x60-cm-t485-scr.html,Ferribiella - Brandina Super - 100X60 cm. - T485-SCR,"60,00 €",https://www.tecnoagricolamodena.it/1581-home_default/ferribiella-brandina-super-100x60-cm-t485-scr.jpg,Available
https://www.tecnoagricolamodena.it/cucce-interno-e-cuscini/5555-ferribiella-brandina-super-90x55-cm-t484-scr.html,Ferribiella - Brandina Super - 90X55 cm. - T484-SCR,"54,10 €",https://www.tecnoagricolamodena.it/1580-home_default/ferribiella-brandina-super-90x55-cm-t484-scr.jpg,Available
https://www.tecnoagricolamodena.it/cucce-interno-e-cuscini/5554-ferribiella-brandina-super-80x50-cm-t483-scr.html,Ferribiella - Brandina Super - 80X50 cm. - T483-SCR,"48,10 €",https://www.tecnoagricolamodena.it/1579-home_default/ferribiella-brandina-super-80x50-cm-t483-scr.jpg,Available
https://www.tecnoagricolamodena.it/cucce-interno-e-cuscini/5553-ferribiella-brandina-super-70x45-cm-t482-scr.html,Ferribiella - Brandina Super - 70x45 cm. - T482-SCR,"42,30 €",https://www.tecnoagricolamodena.it/1578-home_default/ferribiella-brandina-super-70x45-cm-t482-scr.jpg,Available
https://www.tecnoagricolamodena.it/cucce-interno-e-cuscini/5552-ferribiella-brandina-super-60x40-cm-t481-scr.html,Ferribiella - Brandina Super - 60X40 cm. - T481-SCR,"36,60 €",https://www.tecnoagricolamodena.it/1577-home_default/ferribiella-brandina-super-60x40-cm-t481-scr.jpg,Available
https://www.tecnoagricolamodena.it/cucce-interno-e-cuscini/5551-ferribiella-brandina-super-50x35-cm-t480-scr.html,Ferribiella - Brandina Super - 50x35 cm. - T480-SCR,"33,10 €",https://www.tecnoagricolamodena.it/1576-home_default/ferribiella-brandina-super-50x35-cm-t480-scr.jpg,Available
https://www.tecnoagricolamodena.it/cucce-interno-e-cuscini/5535-ferribiella-tana-pic-nic-49x40-cm-t1004.html,Ferribiella - Tana Pic Nic - 49x40 cm. - T1004,"32,00 €",https://www.tecnoagricolamodena.it/1593-home_default/ferribiella-tana-pic-nic-49x40-cm-t1004.jpg,Available
https://www.tecnoagricolamodena.it/cucce-interno-e-cuscini/5532-ferribiella-cuccetta-pic-nic-small-45x40x12-cm-t1002-45.html,Ferribiella - Cuccetta Pic Nic - small 45x40x12 cm. - T1002-45,"34,00 €",https://www.tecnoagricolamodena.it/1590-home_default/ferribiella-cuccetta-pic-nic-small-45x40x12-cm-t1002-45.jpg,Available
https://www.tecnoagricolamodena.it/cucce-e-cuscini/5198-trixie-sacco-relax-harvey-diam-40x60-cm-38028.html,Trixie - Sacco relax Harvey - diam. 40x60 cm. - 38028,"37,20 €",https://www.tecnoagricolamodena.it/5286-home_default/trixie-sacco-relax-harvey-diam-40x60-cm-38028.jpg,Available
https://www.tecnoagricolamodena.it/cucce-e-cuscini/5197-trixie-sacco-relax-paul-diam-40x60-cm-36391.html,Trixie - Sacco relax Paul - diam. 40x60 cm. - 36391,"26,00 €",https://www.tecnoagricolamodena.it/5330-home_default/trixie-sacco-relax-paul-diam-40x60-cm-36391.jpg,Available
https://www.tecnoagricolamodena.it/cucce-e-cuscini/5196-trixie-igloo-nando-40x45x40-cm-37843.html,Trixie - Igloo Nando - 40x45x40 cm. - 37843,"37,00 €",https://www.tecnoagricolamodena.it/5282-home_default/trixie-igloo-nando-40x45x40-cm-37843.jpg,Available
https://www.tecnoagricolamodena.it/cucce-e-cuscini/5195-trixie-igloo-minou-41x30x50-cm-grigio-chiaro-grigio-36285.html,Trixie - Igloo Minou - 41x30x50 cm. grigio chiaro/grigio - 36285,"43,00 €",https://www.tecnoagricolamodena.it/5298-home_default/trixie-igloo-minou-41x30x50-cm-grigio-chiaro-grigio-36285.jpg,Available
https://www.tecnoagricolamodena.it/cucce-e-cuscini/5194-trixie-igloo-minou-35x26x41-cm-beige-marrone-36281.html,Trixie - Igloo Minou - 35x26x41 cm. - beige/marrone - 36281,"31,50 €",https://www.tecnoagricolamodena.it/5257-home_default/trixie-igloo-minou-35x26x41-cm-beige-marrone-36281.jpg,Available
https://www.tecnoagricolamodena.it/cucce-e-cuscini/5193-trixie-igloo-minou-35x26x41-cm-rosa-grigio-36301.html,Trixie - Igloo Minou - 35x26x41 cm. - rosa/grigio - 36301,"31,50 €",https://www.tecnoagricolamodena.it/5263-home_default/trixie-igloo-minou-35x26x41-cm-rosa-grigio-36301.jpg,Available
https://www.tecnoagricolamodena.it/cucce-e-cuscini/5191-trixie-igloo-mimi-42x35x35-cm-36847.html,Trixie - Igloo Mimi - 42x35x35 cm. - 36847,"39,90 €",https://www.tecnoagricolamodena.it/5264-home_default/trixie-igloo-mimi-42x35x35-cm-36847.jpg,Available
https://www.tecnoagricolamodena.it/cucce-e-cuscini/5190-trixie-igloo-kaline-35x26x41-36341.html,Trixie - Igloo Kaline - 35x26x41 - 36341,"31,60 €",https://www.tecnoagricolamodena.it/5325-home_default/trixie-igloo-kaline-35x26x41-36341.jpg,Available
https://www.tecnoagricolamodena.it/cucce-interno-e-cuscini/5186-trixie-coperta-kenny-grigio-150x100-cm-37097.html,Trixie - Coperta Kenny grigio - 150x100 cm. - 37097,"16,00 €",https://www.tecnoagricolamodena.it/5321-home_default/trixie-coperta-kenny-grigio-150x100-cm-37097.jpg,Available
https://www.tecnoagricolamodena.it/cucce-interno-e-cuscini/5185-trixie-coperta-kenny-grigio-100x75-cm-37096.html,Trixie - Coperta Kenny grigio - 100x75 cm. - 37096,"10,00 €",https://www.tecnoagricolamodena.it/5320-home_default/trixie-coperta-kenny-grigio-100x75-cm-37096.jpg,Available
https://www.tecnoagricolamodena.it/cucce-interno-e-cuscini/5183-trixie-coperta-kenny-blu-chiaro-150x100-cm-37092.html,Trixie - Coperta Kenny blu chiaro - 150x100 cm. - 37092,"16,00 €",https://www.tecnoagricolamodena.it/5318-home_default/trixie-coperta-kenny-blu-chiaro-150x100-cm-37092.jpg,Available
https://www.tecnoagricolamodena.it/cucce-interno-e-cuscini/5182-trixie-coperta-kenny-blu-chiaro-100x75-cm-37091.html,Trixie - Coperta Kenny blu chiaro - 100x75 cm. - 37091,"10,00 €",https://www.tecnoagricolamodena.it/5317-home_default/trixie-coperta-kenny-blu-chiaro-100x75-cm-37091.jpg,Available
https://www.tecnoagricolamodena.it/cucce-interno-e-cuscini/5180-trixie-coperta-kenny-beige-150x100-cm-37167.html,Trixie - Coperta Kenny beige - 150x100 cm. - 37167,"16,00 €",https://www.tecnoagricolamodena.it/5268-home_default/trixie-coperta-kenny-beige-150x100-cm-37167.jpg,Available
https://www.tecnoagricolamodena.it/cucce-interno-e-cuscini/5177-trixie-coperta-nando-150x100-cm-37849.html,Trixie - Coperta Nando - 150x100 cm. - 37849,"16,00 €",https://www.tecnoagricolamodena.it/5285-home_default/trixie-coperta-nando-150x100-cm-37849.jpg,Available
https://www.tecnoagricolamodena.it/cucce-interno-e-cuscini/5174-trixie-coperta-tammy-150x100-cm-37151.html,Trixie - Coperta Tammy - 150x100 cm. - 37151,"26,60 €",https://www.tecnoagricolamodena.it/5334-home_default/trixie-coperta-tammy-150x100-cm-37151.jpg,Available
https://www.tecnoagricolamodena.it/cucce-e-cuscini/5172-trixie-coperta-mimi-70x50-cm-37168.html,Trixie - Coperta Mimi - 70x50 cm. - 37168,"8,60 €",https://www.tecnoagricolamodena.it/5269-home_default/trixie-coperta-mimi-70x50-cm-37168.jpg,Available
https://www.tecnoagricolamodena.it/cucce-e-cuscini/5171-trixie-coperta-lilly-70x50-cm-37843.html,Trixie - Coperta Lilly - 70x50 cm. - 37483,"9,80 €",https://www.tecnoagricolamodena.it/5322-home_default/trixie-coperta-lilly-70x50-cm-37843.jpg,Available
https://www.tecnoagricolamodena.it/cucce-interno-e-cuscini/5160-trixie-cuccia-sleeper-antracite-117x77-cm-38861.html,Trixie - Cuccia Sleeper - antracite - 117x77 cm. - 38861,"62,00 €",https://www.tecnoagricolamodena.it/5342-home_default/trixie-cuccia-sleeper-antracite-117x77-cm-38861.jpg,Available
https://www.tecnoagricolamodena.it/cucce-interno-e-cuscini/5159-trixie-cuccia-sleeper-antracite-96x66-cm-38851.html,Trixie - Cuccia Sleeper - antracite - 96x66 cm. - 38851,"46,00 €",https://www.tecnoagricolamodena.it/5341-home_default/trixie-cuccia-sleeper-antracite-96x66-cm-38851.jpg,Available
https://www.tecnoagricolamodena.it/cucce-interno-e-cuscini/5158-trixie-cuccia-sleeper-antracite-88x62-cm-38841.html,Trixie - Cuccia Sleeper - antracite - 88x62 cm. - 38841,"39,80 €",https://www.tecnoagricolamodena.it/5340-home_default/trixie-cuccia-sleeper-antracite-88x62-cm-38841.jpg,Available
https://www.tecnoagricolamodena.it/cucce-interno-e-cuscini/5157-trixie-cuccia-sleeper-antracite-80x53-cm-38831.html,Trixie - Cuccia Sleeper - antracite - 80x53 cm. - 38831,"28,00 €",https://www.tecnoagricolamodena.it/5339-home_default/trixie-cuccia-sleeper-antracite-80x53-cm-38831.jpg,Available
https://www.tecnoagricolamodena.it/cucce-interno-e-cuscini/5156-trixie-cuccia-sleeper-antracite-68x47-cm-38821.html,Trixie - Cuccia Sleeper - antracite - 68x47 cm. - 38821,"23,00 €",https://www.tecnoagricolamodena.it/5338-home_default/trixie-cuccia-sleeper-antracite-68x47-cm-38821.jpg,Available
https://www.tecnoagricolamodena.it/cucce-interno-e-cuscini/5155-trixie-cuccia-sleeper-antracite-56x41-cm-38811.html,Trixie - Cuccia Sleeper - antracite - 56x41 cm. - 38811,"16,00 €",https://www.tecnoagricolamodena.it/5337-home_default/trixie-cuccia-sleeper-antracite-56x41-cm-38811.jpg,Available
https://www.tecnoagricolamodena.it/cucce-interno-e-cuscini/5149-trixie-cuscino-patchwork-dog-80x55-cm-blu-verde-37069.html,Trixie - Cuscino Patchwork Dog - 80x55 cm. - blu/verde - 37069,"26,60 €",https://www.tecnoagricolamodena.it/5265-home_default/trixie-cuscino-patchwork-dog-80x55-cm-blu-verde-37069.jpg,Available
https://www.tecnoagricolamodena.it/cucce-interno-e-cuscini/5148-trixie-cuscino-patchwork-cat-55x45-cm-37074.html,Trixie - Cuscino Patchwork Cat - 55x45 cm. - 37074,"16,00 €",https://www.tecnoagricolamodena.it/5266-home_default/trixie-cuscino-patchwork-cat-55x45-cm-37074.jpg,Available
https://www.tecnoagricolamodena.it/cucce-interno-e-cuscini/5145-trixie-cuccia-tammy-diametro-70-cm-37378.html,Trixie - Cuccia Tammy - diametro 70 cm. - 37378,"31,00 €",https://www.tecnoagricolamodena.it/5280-home_default/trixie-cuccia-tammy-diametro-70-cm-37378.jpg,Available
https://www.tecnoagricolamodena.it/cucce-interno-e-cuscini/5144-trixie-cuccia-tammy-diametro-50-cm-37377.html,Trixie - Cuccia Tammy - diametro 50 cm. - 37377,"21,00 €",https://www.tecnoagricolamodena.it/5279-home_default/trixie-cuccia-tammy-diametro-50-cm-37377.jpg,Available
https://www.tecnoagricolamodena.it/cucce-interno-e-cuscini/5143-trixie-cuscino-scoopy-115x72-cm-37229.html,Trixie - Cuscino Scoopy - 115x72 cm. - 37229,"37,00 €",https://www.tecnoagricolamodena.it/5278-home_default/trixie-cuscino-scoopy-115x72-cm-37229.jpg,Available
https://www.tecnoagricolamodena.it/cucce-interno-e-cuscini/5142-trixie-cuscino-scoopy-105x68-cm-37228.html,Trixie - Cuscino Scoopy - 105x68 cm. - 37228,"31,60 €",https://www.tecnoagricolamodena.it/5277-home_default/trixie-cuscino-scoopy-105x68-cm-37228.jpg,Available
https://www.tecnoagricolamodena.it/cucce-interno-e-cuscini/5141-trixie-cuscino-scoopy-98x62-cm-37227.html,Trixie - Cuscino Scoopy - 98x62 cm. - 37227,"26,00 €",https://www.tecnoagricolamodena.it/5276-home_default/trixie-cuscino-scoopy-98x62-cm-37227.jpg,Available
https://www.tecnoagricolamodena.it/cucce-interno-e-cuscini/5140-trixie-cuscino-scoopy-86x56-cm-37226.html,Trixie - Cuscino Scoopy - 86x56 cm. - 37226,"23,40 €",https://www.tecnoagricolamodena.it/5275-home_default/trixie-cuscino-scoopy-86x56-cm-37226.jpg,Available
https://www.tecnoagricolamodena.it/cucce-interno-e-cuscini/5139-trixie-cuscino-scoopy-77x50-cm-37225.html,Trixie - Cuscino Scoopy - 77x50 cm. - 37225,"21,20 €",https://www.tecnoagricolamodena.it/5274-home_default/trixie-cuscino-scoopy-77x50-cm-37225.jpg,Available
https://www.tecnoagricolamodena.it/cucce-interno-e-cuscini/5138-trixie-cuscino-scoopy-70x47-cm-37224.html,Trixie - Cuscino Scoopy - 70x47 cm. - 37224,"18,00 €",https://www.tecnoagricolamodena.it/5273-home_default/trixie-cuscino-scoopy-70x47-cm-37224.jpg,Available
https://www.tecnoagricolamodena.it/cucce-interno-e-cuscini/5137-trixie-cuscino-scoopy-64x41-cm-37223.html,Trixie - Cuscino Scoopy - 64x41 cm. - 37223,"14,80 €",https://www.tecnoagricolamodena.it/5272-home_default/trixie-cuscino-scoopy-64x41-cm-37223.jpg,Available
https://www.tecnoagricolamodena.it/cucce-interno-e-cuscini/5135-trixie-cuscino-scoopy-44x31-cm-37221.html,Trixie - Cuscino Scoopy - 44x31 cm. - 37221,"9,60 €",https://www.tecnoagricolamodena.it/5270-home_default/trixie-cuscino-scoopy-44x31-cm-37221.jpg,Available
https://www.tecnoagricolamodena.it/cucce-interno-e-cuscini/5134-trixie-cuscino-jimmy-115x72-cm-36619.html,Trixie - Cuscino Jimmy - 115x72 cm. - 36619,"36,99 €",https://www.tecnoagricolamodena.it/5308-home_default/trixie-cuscino-jimmy-115x72-cm-36619.jpg,Available
https://www.tecnoagricolamodena.it/cucce-interno-e-cuscini/5133-trixie-cuscino-jimmy-105x68-cm-36618.html,Trixie - Cuscino Jimmy - 105x68 cm. - 36618,"30,99 €",https://www.tecnoagricolamodena.it/5307-home_default/trixie-cuscino-jimmy-105x68-cm-36618.jpg,Available
https://www.tecnoagricolamodena.it/cucce-interno-e-cuscini/5132-trixie-cuscino-jimmy-98x62-cm-36617.html,Trixie - Cuscino Jimmy - 98x62 cm. - 36617,"26,99 €",https://www.tecnoagricolamodena.it/5306-home_default/trixie-cuscino-jimmy-98x62-cm-36617.jpg,Available
https://www.tecnoagricolamodena.it/cucce-interno-e-cuscini/5131-trixie-cuscino-jimmy-86x56-cm-36616.html,Trixie - Cuscino Jimmy - 86x56 cm. - 36616,"20,99 €",https://www.tecnoagricolamodena.it/5305-home_default/trixie-cuscino-jimmy-86x56-cm-36616.jpg,Available
https://www.tecnoagricolamodena.it/cucce-interno-e-cuscini/5130-trixie-cuscino-jimmy-77x50-cm-36615.html,Trixie - Cuscino Jimmy - 77x50 cm. - 36615,"18,99 €",https://www.tecnoagricolamodena.it/5304-home_default/trixie-cuscino-jimmy-77x50-cm-36615.jpg,Available
https://www.tecnoagricolamodena.it/cucce-interno-e-cuscini/5129-trixie-cuscino-jimmy-70x47-cm-36614.html,Trixie - Cuscino Jimmy - 70x47 cm. - 36614,"16,99 €",https://www.tecnoagricolamodena.it/5303-home_default/trixie-cuscino-jimmy-70x47-cm-36614.jpg,Available
https://www.tecnoagricolamodena.it/cucce-interno-e-cuscini/5128-trixie-cuscino-jimmy-64x41-cm-36613.html,Trixie - Cuscino Jimmy - 64x41 cm. - 36613,"12,99 €",https://www.tecnoagricolamodena.it/5302-home_default/trixie-cuscino-jimmy-64x41-cm-36613.jpg,Available
https://www.tecnoagricolamodena.it/cucce-interno-e-cuscini/5127-trixie-cuscino-jimmy-54x35-cm-36612.html,Trixie - Cuscino Jimmy - 54x35 cm. - 36612,"10,99 €",https://www.tecnoagricolamodena.it/5301-home_default/trixie-cuscino-jimmy-54x35-cm-36612.jpg,Available
https://www.tecnoagricolamodena.it/cucce-interno-e-cuscini/5125-trixie-cuccia-jimmy-110x95-cm-36637.html,Trixie - Cuccia Jimmy - 110x95 cm. - 36637,"95,99 €",https://www.tecnoagricolamodena.it/5315-home_default/trixie-cuccia-jimmy-110x95-cm-36637.jpg,Available
https://www.tecnoagricolamodena.it/cucce-interno-e-cuscini/5124-trixie-cuccia-jimmy-95x85-cm-36636.html,Trixie - Cuccia Jimmy - 95x85 cm. - 36636,"73,99 €",https://www.tecnoagricolamodena.it/5314-home_default/trixie-cuccia-jimmy-95x85-cm-36636.jpg,Available
https://www.tecnoagricolamodena.it/cucce-interno-e-cuscini/5123-trixie-cuccia-jimmy-85x75-cm-36635.html,Trixie - Cuccia Jimmy - 85x75 cm. - 36635,"57,99 €",https://www.tecnoagricolamodena.it/5313-home_default/trixie-cuccia-jimmy-85x75-cm-36635.jpg,Available
https://www.tecnoagricolamodena.it/cucce-interno-e-cuscini/5122-trixie-cuccia-jimmy-75x65-cm-36634.html,Trixie - Cuccia Jimmy - 75x65 cm. - 36634,"48,99 €",https://www.tecnoagricolamodena.it/5312-home_default/trixie-cuccia-jimmy-75x65-cm-36634.jpg,Available
https://www.tecnoagricolamodena.it/cucce-interno-e-cuscini/5121-trixie-cuccia-jimmy-65x55-cm-36633.html,Trixie - Cuccia Jimmy - 65x55 cm. - 36633,"36,99 €",https://www.tecnoagricolamodena.it/5311-home_default/trixie-cuccia-jimmy-65x55-cm-36633.jpg,Available
https://www.tecnoagricolamodena.it/cucce-interno-e-cuscini/5120-trixie-cuccia-jimmy-55x45-cm-36632.html,Trixie - Cuccia Jimmy - 55x45 cm. - 36632,"25,99 €",https://www.tecnoagricolamodena.it/5310-home_default/trixie-cuccia-jimmy-55x45-cm-36632.jpg,Available
https://www.tecnoagricolamodena.it/cucce-interno-e-cuscini/5119-trixie-cuccia-jimmy-45x35-cm-36631.html,Trixie - Cuccia Jimmy - 45x35 cm. - 36631,"20,99 €",https://www.tecnoagricolamodena.it/5309-home_default/trixie-cuccia-jimmy-45x35-cm-36631.jpg,Available
https://www.tecnoagricolamodena.it/cucce-interno-e-cuscini/5116-trixie-cuscino-kaline-77x50-cm-38955.html,Trixie - Cuscino Kaline - 77X50 cm. - 38955,"37,00 €",https://www.tecnoagricolamodena.it/5295-home_default/trixie-cuscino-kaline-77x50-cm-38955.jpg,Available
https://www.tecnoagricolamodena.it/cucce-interno-e-cuscini/5115-trixie-cuscino-kaline-70x47-cm-38954.html,Trixie - Cuscino Kaline - 70X47 cm. - 38954,"26,00 €",https://www.tecnoagricolamodena.it/5294-home_default/trixie-cuscino-kaline-70x47-cm-38954.jpg,Available
https://www.tecnoagricolamodena.it/cucce-interno-e-cuscini/5114-trixie-cuscino-kaline-64x41-cm-38953.html,Trixie - Cuscino Kaline - 64X41 cm. - 38953,"21,40 €",https://www.tecnoagricolamodena.it/5293-home_default/trixie-cuscino-kaline-64x41-cm-38953.jpg,Available
https://www.tecnoagricolamodena.it/cucce-interno-e-cuscini/5113-trixie-cuscino-kaline-54x35-cm-38952.html,Trixie - Cuscino Kaline - 54X35 cm. - 38952,"16,00 €",https://www.tecnoagricolamodena.it/5292-home_default/trixie-cuscino-kaline-54x35-cm-38952.jpg,Available
https://www.tecnoagricolamodena.it/cucce-interno-e-cuscini/5112-trixie-cuscino-kaline-44x31-cm-38951.html,Trixie - Cuscino Kaline - 44x31 cm. - 38951,"13,60 €",https://www.tecnoagricolamodena.it/5291-home_default/trixie-cuscino-kaline-44x31-cm-38951.jpg,Available
https://www.tecnoagricolamodena.it/cucce-interno-e-cuscini/4889-camon-tappetino-premium-auto-riscaldante-misura-l-90x64-cm-b106-c.html,Camon - Tappetino Premium auto-riscaldante - misura L - 90X64 cm. - B106/C,"35,00 €",https://www.tecnoagricolamodena.it/648-home_default/camon-tappetino-premium-auto-riscaldante-misura-l-90x64-cm-b106-c.jpg,Available
https://www.tecnoagricolamodena.it/cucce-interno-e-cuscini/4888-camon-tappetino-premium-auto-riscaldante-misura-m-64x49-cm-b106-b.html,Camon - Tappetino Premium auto-riscaldante - misura M - 64X49 cm. - B106/B,"20,00 €",https://www.tecnoagricolamodena.it/647-home_default/camon-tappetino-premium-auto-riscaldante-misura-m-64x49-cm-b106-b.jpg,Available
https://www.tecnoagricolamodena.it/cucce-interno-e-cuscini/4887-camon-tappetino-premium-auto-riscaldante-misura-s-40x38-cm-b106-a.html,Camon - Tappetino Premium auto-riscaldante - misura S - 40x38 cm. - B106/A,"15,00 €",https://www.tecnoagricolamodena.it/646-home_default/camon-tappetino-premium-auto-riscaldante-misura-s-40x38-cm-b106-a.jpg,Available
https://www.tecnoagricolamodena.it/cucce-interno-e-cuscini/4881-camon-cuscino-rettangolare-linea-ossicini-40x60-cm-cc0108-40.html,Camon - Cuscino rettangolare linea Ossicini - 40x60 cm. - CC0108 - 40,"9,00 €",https://www.tecnoagricolamodena.it/657-home_default/camon-cuscino-rettangolare-linea-ossicini-40x60-cm-cc0108-40.jpg,Available
https://www.tecnoagricolamodena.it/cucce-interno-e-cuscini/11268-camon-cuscino-rettangolare-linea-ossicini-40x60-cm-cc0108-40.html,Camon - Tappetino Ultra Soft 60 x 90 cm. bianco - B108/C,"24,00 €",https://www.tecnoagricolamodena.it/15411-home_default/camon-cuscino-rettangolare-linea-ossicini-40x60-cm-cc0108-40.jpg,Not available
https://www.tecnoagricolamodena.it/cucce-interno-e-cuscini/10285-gimborn-copertina-four-seasons-blue-sky-60x40-cm.html,Ferribiella - Copertina Nuvole 100x70 cm. - T1063/S-NUV,"4,90 €",https://www.tecnoagricolamodena.it/12710-home_default/gimborn-copertina-four-seasons-blue-sky-60x40-cm.jpg,Not available
https://www.tecnoagricolamodena.it/cucce-interno-e-cuscini/10284-gimborn-copertina-four-seasons-blue-sky-60x40-cm.html,Ferribiella - Copertina Nuvole 140x100 cm. - T1063/M-NUV,"6,40 €",https://www.tecnoagricolamodena.it/12709-home_default/gimborn-copertina-four-seasons-blue-sky-60x40-cm.jpg,Not available
https://www.tecnoagricolamodena.it/cucce-interno-e-cuscini/10150-ferribiella-cuccetta-pic-nic-medium-57x50x13-cm-t1002-57.html,Ferribiella - Cuccetta Nuvoletta - medium diam. 60 cm. rosa - T1077/M-RA,"46,00 €",https://www.tecnoagricolamodena.it/12417-home_default/ferribiella-cuccetta-pic-nic-medium-57x50x13-cm-t1002-57.jpg,Not available
https://www.tecnoagricolamodena.it/cucce-interno-e-cuscini/10149-ferribiella-cuccetta-pic-nic-medium-57x50x13-cm-t1002-57.html,Ferribiella - Cuccetta Nuvoletta - medium diam. 60 cm. grigia - T1077/M-GR,"46,00 €",https://www.tecnoagricolamodena.it/12416-home_default/ferribiella-cuccetta-pic-nic-medium-57x50x13-cm-t1002-57.jpg,Not available
https://www.tecnoagricolamodena.it/cucce-e-cuscini/5865-gim-cat-cuccia-sotto-sedia-30x15x30-cm.html,Gim-Cat Cuccia Sotto sedia - 30x15x30 cm.,"20,80 €",https://www.tecnoagricolamodena.it/1937-home_default/gim-cat-cuccia-sotto-sedia-30x15x30-cm.jpg,Not available
https://www.tecnoagricolamodena.it/cucce-interno-e-cuscini/5578-ferribiella-materassino-scozzese-115x75-cm-t455.html,Ferribiella - Materassino scozzese - 115X75 cm. - T455,"56,40 €",https://www.tecnoagricolamodena.it/1542-home_default/ferribiella-materassino-scozzese-115x75-cm-t455.jpg,Not available
https://www.tecnoagricolamodena.it/cucce-interno-e-cuscini/5572-ferribiella-materassino-scozzese-50x35-cm-t449.html,Ferribiella - Materassino scozzese - 50x35 cm. - T449,"19,00 €",https://www.tecnoagricolamodena.it/1536-home_default/ferribiella-materassino-scozzese-50x35-cm-t449.jpg,Not available
https://www.tecnoagricolamodena.it/cucce-interno-e-cuscini/5568-ferribiella-elastico-ricambio-per-brandina-2-pz-80x50-cm-t497.html,Ferribiella - Elastici ricambio per brandina - 80x50 cm. - T497,"9,30 €",https://www.tecnoagricolamodena.it/1535-home_default/ferribiella-elastico-ricambio-per-brandina-2-pz-80x50-cm-t497.jpg,Not available
https://www.tecnoagricolamodena.it/cucce-interno-e-cuscini/5564-ferribiella-telo-ricambio-per-brandina-115x75-cm-t567-scr.html,Ferribiella - Telo ricambio per brandina 115x75 cm. - T567-SCR,"34,00 €",https://www.tecnoagricolamodena.it/1589-home_default/ferribiella-telo-ricambio-per-brandina-115x75-cm-t567-scr.jpg,Not available
https://www.tecnoagricolamodena.it/cucce-interno-e-cuscini/5557-ferribiella-brandina-super-115x75-cm-t486-scr.html,Ferribiella - Brandina Super - 115X75 cm. - T486-SCR,"73,50 €",https://www.tecnoagricolamodena.it/1582-home_default/ferribiella-brandina-super-115x75-cm-t486-scr.jpg,Not available
https://www.tecnoagricolamodena.it/cucce-interno-e-cuscini/5534-ferribiella-cuccetta-pic-nic-large-70x65x14-cm-t1002-70.html,Ferribiella - Cuccetta Pic Nic - large 70x65x14 cm. - T1002-70,"41,00 €",https://www.tecnoagricolamodena.it/1592-home_default/ferribiella-cuccetta-pic-nic-large-70x65x14-cm-t1002-70.jpg,Not available
https://www.tecnoagricolamodena.it/cucce-interno-e-cuscini/5533-ferribiella-cuccetta-pic-nic-medium-57x50x13-cm-t1002-57.html,Ferribiella - Cuccetta Pic Nic - medium 57x50x13 cm. - T1002-57,"36,00 €",https://www.tecnoagricolamodena.it/1591-home_default/ferribiella-cuccetta-pic-nic-medium-57x50x13-cm-t1002-57.jpg,Not available
https://www.tecnoagricolamodena.it/cucce-interno-e-cuscini/5531-ferribiella-cuscino-morbido-beige-diam60x15-cm-t958-be.html,Ferribiella - Cuscino Macarons morbido beige - diam.60x15 cm. - T958-BE,"40,00 €",https://www.tecnoagricolamodena.it/7840-home_default/ferribiella-cuscino-morbido-beige-diam60x15-cm-t958-be.jpg,Not available
https://www.tecnoagricolamodena.it/cucce-interno-e-cuscini/5530-ferribiella-cuscino-macarons-morbido-rosa-diam60x15-cm-t958-ra.html,Ferribiella - Cuscino Macarons morbido rosa - diam.60x15 cm. - T958-RA,"40,00 €",https://www.tecnoagricolamodena.it/7838-home_default/ferribiella-cuscino-macarons-morbido-rosa-diam60x15-cm-t958-ra.jpg,Not available
https://www.tecnoagricolamodena.it/cucce-interno-e-cuscini/5529-ferribiella-cuscino-macarons-morbido-azzurro-diam60x15-cm-t958-az.html,Ferribiella - Cuscino Macarons morbido azzurro - diam.60x15 cm. - T958-AZ,"40,00 €",https://www.tecnoagricolamodena.it/7839-home_default/ferribiella-cuscino-macarons-morbido-azzurro-diam60x15-cm-t958-az.jpg,Not available
https://www.tecnoagricolamodena.it/cucce-e-cuscini/5528-ferribiella-sacco-nanna-55x55-cm-t782.html,Ferribiella - Sacco Nanna - 55x55 cm. - T782,"34,00 €",https://www.tecnoagricolamodena.it/1594-home_default/ferribiella-sacco-nanna-55x55-cm-t782.jpg,Not available
https://www.tecnoagricolamodena.it/cucce-e-cuscini/5192-trixie-igloo-minou-35x26x41-cm-viola-lilla-36300.html,Trixie - Igloo Minou - 35x26x41 cm. - viola/lilla - 36300,"31,50 €",https://www.tecnoagricolamodena.it/5262-home_default/trixie-igloo-minou-35x26x41-cm-viola-lilla-36300.jpg,Not available
https://www.tecnoagricolamodena.it/cucce-interno-e-cuscini/5176-trixie-coperta-nando-100x70-cm-37848.html,Trixie - Coperta Nando - 100x70 cm. - 37848,"10,80 €",https://www.tecnoagricolamodena.it/5284-home_default/trixie-coperta-nando-100x70-cm-37848.jpg,Not available
https://www.tecnoagricolamodena.it/cucce-interno-e-cuscini/5173-trixie-coperta-tammy-100x70-cm-37150.html,Trixie - Coperta Tammy - 100x70 cm. - 37150,"12,00 €",https://www.tecnoagricolamodena.it/5333-home_default/trixie-coperta-tammy-100x70-cm-37150.jpg,Not available
https://www.tecnoagricolamodena.it/cucce-interno-e-cuscini/5126-trixie-cuscino-jimmy-44x31-cm-36611.html,Trixie - Cuscino Jimmy - 44x31 cm. - 36611,"8,99 €",https://www.tecnoagricolamodena.it/5300-home_default/trixie-cuscino-jimmy-44x31-cm-36611.jpg,Not available
https://www.tecnoagricolamodena.it/cucce-interno-e-cuscini/5118-trixie-cuccia-mimi-diametro-50-cm-37847.html,Trixie - Cuccia Mimi - diametro 50 cm. - 37487,"43,60 €",https://www.tecnoagricolamodena.it/5281-home_default/trixie-cuccia-mimi-diametro-50-cm-37847.jpg,Not available
https://www.tecnoagricolamodena.it/cucce-interno-e-cuscini/4877-camon-cuscino-rettangolare-linea-scottish-40x60-cm-cc0107-40.html,Camon - Cuscino rettangolare linea Scottish - 40x60 cm. - CC0107 - 40,"9,00 €",https://www.tecnoagricolamodena.it/656-home_default/camon-cuscino-rettangolare-linea-scottish-40x60-cm-cc0107-40.jpg,Not available
